Date,Open,High,Low,Close,Volume,Adj Close
31-12-10,26.57,27.25,26.5,26.629999,1417900,26.629999
03-01-11,26.84,27,25.9,26.620001,1283000,26.620001
04-01-11,26.66,26.950001,26.02,26.67,1187400,26.67
05-01-11,26.48,26.9,26.190001,26.83,1446700,26.83
06-01-11,26.83,28,26.809999,27.879999,2061200,27.879999
07-01-11,28,28.58,27.9,28.24,2247900,28.24
10-01-11,28.17,28.68,28.049999,28.450001,1342700,28.450001
11-01-11,28.59,28.709999,26.92,26.959999,1710200,26.959999
12-01-11,27.01,27.4,26.52,26.959999,964400,26.959999
13-01-11,26.959999,26.969999,26.16,26.219999,723600,26.219999
14-01-11,26.15,26.58,25.610001,25.75,1192000,25.75
18-01-11,25.48,25.639999,24.75,25.639999,1621700,25.639999
19-01-11,25.27,25.469999,23.75,24.030001,2371500,24.030001
20-01-11,24.030001,24.450001,22.370001,22.620001,2279900,22.620001
21-01-11,23.120001,23.59,22.709999,23.040001,1217000,23.040001
24-01-11,23.530001,24.809999,23.23,24.49,1645100,24.49
25-01-11,24.65,24.889999,24.02,24.68,1271500,24.68
26-01-11,24.709999,24.879999,24.1,24.75,1079900,24.75
27-01-11,24.74,25.08,24.530001,24.92,895700,24.92
28-01-11,24.879999,24.879999,23.75,24.01,1048400,24.01
31-01-11,24.049999,24.120001,23.5,24.1,830300,24.1
01-02-11,24.309999,24.73,23.540001,23.91,707800,23.91
02-02-11,24.16,24.18,23.67,23.940001,569500,23.940001
03-02-11,23.82,23.9,23.15,23.629999,512000,23.629999
04-02-11,23.440001,23.67,23.219999,23.459999,544000,23.459999
07-02-11,23.26,23.26,22.879999,23.07,895100,23.07
08-02-11,23.780001,25.25,23,24.49,3504900,24.49
09-02-11,24.129999,24.18,22.790001,23.209999,2635600,23.209999
10-02-11,23.26,23.639999,22.809999,23.219999,836100,23.219999
11-02-11,23.25,23.75,22.940001,23.25,634500,23.25
14-02-11,23.639999,24.139999,23.049999,23.08,1283100,23.08
15-02-11,23.01,23.17,22.559999,22.84,953700,22.84
16-02-11,23.1,24.969999,23.07,24.73,4115100,24.73
17-02-11,24.629999,25.49,23.549999,23.6,2618400,23.6
18-02-11,23.33,23.49,22.959999,23.18,2370700,23.18
22-02-11,22.879999,23,21.780001,21.870001,2064600,21.870001
23-02-11,22.18,22.5,21.110001,21.83,1605600,21.83
24-02-11,21.780001,22.58,21.5,22.530001,1055300,22.530001
25-02-11,22.809999,23.85,22.690001,23.610001,1346300,23.610001
28-02-11,23.74,24.1,23.5,23.889999,1051200,23.889999
01-03-11,24.049999,24.32,23.700001,23.940001,1106400,23.940001
02-03-11,23.82,24.280001,23.73,24.02,663300,24.02
03-03-11,24.48,24.790001,24.059999,24.360001,640200,24.360001
04-03-11,24.48,24.99,23.780001,24.950001,1580100,24.950001
07-03-11,24.93,25.4,24.700001,24.940001,2033600,24.940001
08-03-11,24.6,24.959999,24,24.66,1399900,24.66
09-03-11,24.66,24.99,24.27,24.719999,924800,24.719999
10-03-11,24.440001,24.49,23.73,24.01,1017000,24.01
11-03-11,23.85,24.25,23.530001,24.07,930800,24.07
14-03-11,23.82,24,23.200001,23.25,1166000,23.25
15-03-11,22.200001,22.959999,21.799999,22.950001,1318800,22.950001
16-03-11,22.860001,23.25,22.690001,22.82,1169700,22.82
17-03-11,23.24,23.43,22.639999,22.809999,922600,22.809999
18-03-11,23.190001,23.190001,22.51,22.959999,687900,22.959999
21-03-11,23.049999,23.049999,22.540001,22.73,411700,22.73
22-03-11,22.73,22.860001,22,22.190001,582900,22.190001
23-03-11,22.110001,22.27,21.77,22.209999,422800,22.209999
24-03-11,22.139999,22.379999,21.98,22.33,462200,22.33
25-03-11,22.43,23,22.4,22.75,568000,22.75
28-03-11,22.700001,23.540001,22.549999,23.25,1058100,23.25
29-03-11,23.299999,24,23.209999,23.92,755400,23.92
30-03-11,24.110001,24.49,23.01,23.709999,1223300,23.709999
31-03-11,26.549999,28.709999,26.5,27.75,11517800,27.75
01-04-11,27.450001,28.18,26.57,26.66,2864800,26.66
04-04-11,26.83,27,25.23,25.83,2609300,25.83
05-04-11,25.9,27,25.690001,26.700001,3180900,26.700001
06-04-11,26.99,27.01,25.799999,26.49,1288300,26.49
07-04-11,26.85,27.940001,26.450001,27.24,2810300,27.24
08-04-11,27.58,27.6,26.360001,26.49,1946400,26.49
11-04-11,26.469999,26.530001,25.02,25.27,1369400,25.27
12-04-11,25.08,25.209999,24.299999,24.65,1357400,24.65
13-04-11,25.129999,25.690001,24.809999,24.93,1211500,24.93
14-04-11,24.870001,25.280001,24.200001,25.139999,983400,25.139999
15-04-11,25.65,26.18,25.41,25.58,943500,25.58
18-04-11,25.129999,25.620001,24.360001,25.030001,1033900,25.030001
19-04-11,25.26,25.26,24.65,25.16,548700,25.16
20-04-11,25.700001,26.09,25.299999,25.75,837200,25.75
21-04-11,25.85,26.98,25.59,26.74,1386100,26.74
25-04-11,26.700001,26.73,25.969999,26.389999,800900,26.389999
26-04-11,26.66,27.25,26.309999,26.93,1400000,26.93
27-04-11,26.93,27.360001,26.629999,27.08,996900,27.08
28-04-11,27.07,27.690001,26.719999,27.66,1600000,27.66
29-04-11,27.690001,27.870001,27.42,27.6,726000,27.6
02-05-11,27.6,27.799999,27.059999,27.450001,784600,27.450001
03-05-11,27.379999,27.389999,26.5,26.870001,913900,26.870001
04-05-11,26.780001,27,25.75,26.690001,1044500,26.690001
05-05-11,27.200001,27.440001,26.17,26.440001,1218500,26.440001
06-05-11,26.9,27.700001,26.620001,27.120001,981700,27.120001
09-05-11,27,28,26.85,27.91,916400,27.91
10-05-11,28.24,28.950001,27.91,28.33,1535300,28.33
11-05-11,28.200001,28.299999,26.92,27.07,962500,27.07
12-05-11,27.07,27.74,26.65,27.67,628000,27.67
13-05-11,28,28.190001,27.299999,27.549999,661500,27.549999
16-05-11,27.99,27.99,26.549999,26.6,755700,26.6
17-05-11,27,27,25.719999,25.959999,1234200,25.959999
18-05-11,26.1,26.469999,25.52,26.35,729500,26.35
19-05-11,27.030001,28.440001,26.6,28.200001,2655100,28.200001
20-05-11,28.26,28.280001,27.35,27.969999,842500,27.969999
23-05-11,27.620001,27.620001,26.620001,26.82,863600,26.82
24-05-11,27.02,27.5,26.6,26.719999,613700,26.719999
25-05-11,26.9,29.01,26.17,28.98,4693100,28.98
26-05-11,28.82,29.76,28.1,29.48,3336900,29.48
27-05-11,29.540001,29.67,28.82,29.549999,1687100,29.549999
31-05-11,29.690001,30.280001,29.549999,30.139999,3290500,30.139999
01-06-11,30,30.1,28.379999,28.52,1529900,28.52
02-06-11,28.52,29.32,28.51,28.76,986300,28.76
03-06-11,29.950001,31.5,29.5,30.129999,6209200,30.129999
06-06-11,30.1,30.129999,28.26,28.700001,2331100,28.700001
07-06-11,28.940001,29.389999,28.26,28.370001,1222100,28.370001
08-06-11,28.440001,28.6,27.02,27.120001,1695900,27.120001
09-06-11,27.43,28.1,27.1,27.620001,1603200,27.620001
10-06-11,27.52,28.299999,27.35,27.860001,1566600,27.860001
13-06-11,28.07,28.879999,27.879999,28.43,1713400,28.43
14-06-11,28.540001,29.700001,28.52,28.6,1573400,28.6
15-06-11,28.440001,28.450001,27.07,27.32,1345000,27.32
16-06-11,27.67,28,25.74,26.5,1842200,26.5
17-06-11,26.870001,27.700001,26.139999,26.5,1714000,26.5
20-06-11,26.290001,26.459999,25.5,26.01,1537800,26.01
21-06-11,26.24,27.73,26,27.530001,1496000,27.530001
22-06-11,27.370001,28.25,27.1,27.209999,1475600,27.209999
23-06-11,27.200001,27.719999,26.209999,27.709999,1170000,27.709999
24-06-11,27.639999,27.969999,27.26,27.57,3608500,27.57
27-06-11,27.73,28.280001,27.309999,27.459999,1809400,27.459999
28-06-11,27.790001,28.25,27.67,28.110001,889200,28.110001
29-06-11,28.5,29.09,28.07,28.290001,1461800,28.290001
30-06-11,28.5,29.33,28.4,29.129999,946700,29.129999
01-07-11,29.07,29.6,28.799999,29.02,854900,29.02
05-07-11,29.02,29.52,28.709999,29.139999,996000,29.139999
06-07-11,29.139999,29.139999,28.549999,28.959999,926900,28.959999
07-07-11,29.139999,30,29.01,29.73,1327900,29.73
08-07-11,29.889999,29.889999,28.59,28.809999,1240600,28.809999
11-07-11,28.4,28.530001,28,28.35,975800,28.35
12-07-11,28.370001,29.09,28,28.17,1045400,28.17
13-07-11,28.43,29.030001,27.9,28.639999,1066000,28.639999
14-07-11,28.530001,28.959999,27.25,27.610001,1159000,27.610001
15-07-11,27.790001,27.83,27.4,27.58,709000,27.58
18-07-11,27.34,27.450001,26.629999,27.23,851900,27.23
19-07-11,27.58,28.110001,27.540001,27.889999,1026100,27.889999
20-07-11,28,30.440001,27.799999,28.690001,3048300,28.690001
21-07-11,28.91,29.16,28.1,28.700001,1011500,28.700001
22-07-11,28.700001,29.540001,28.549999,29.290001,583500,29.290001
25-07-11,29.01,29.25,28.440001,28.49,673300,28.49
26-07-11,28.309999,28.77,27.969999,28,760600,28
27-07-11,28.5,28.5,27.51,27.639999,958500,27.639999
28-07-11,27.6,28.549999,27.540001,28.17,938700,28.17
29-07-11,27.799999,28.4,27.5,28.17,948200,28.17
01-08-11,28.67,28.98,28.209999,28.77,1164900,28.77
02-08-11,28.690001,29.200001,27.27,27.34,1549400,27.34
03-08-11,27.5,27.83,26.34,27.200001,1794500,27.200001
04-08-11,26.51,26.889999,24.67,24.75,3064500,24.75
05-08-11,24.99,25.379999,22.83,24.24,1964400,24.24
08-08-11,23.1,24.440001,23.1,23.639999,2608500,23.639999
09-08-11,24.15,25.450001,23.700001,25.059999,1333400,25.059999
10-08-11,25.440001,25.440001,23.629999,23.82,1564200,23.82
11-08-11,24.040001,25.75,24,25.299999,836500,25.299999
12-08-11,25.6,27.139999,25.360001,26.309999,1009100,26.309999
15-08-11,26.620001,26.75,25.93,26.23,738600,26.23
16-08-11,26.129999,26.540001,25.83,26.1,537700,26.1
17-08-11,26.389999,26.65,25.51,25.83,643700,25.83
18-08-11,25,25.15,23.469999,24.26,1056600,24.26
19-08-11,23.860001,24.219999,22,22.299999,1375300,22.299999
22-08-11,23.110001,23.799999,21.68,21.950001,986100,21.950001
23-08-11,21.93,23.110001,21.5,22.959999,869000,22.959999
24-08-11,23.1,23.93,22.83,23.870001,684300,23.870001
25-08-11,23.870001,23.870001,22.9,23.110001,679800,23.110001
26-08-11,22.709999,23.950001,22.07,23.73,761800,23.73
29-08-11,24.219999,24.85,24.02,24.709999,803400,24.709999
30-08-11,24.5,24.77,24.09,24.629999,366200,24.629999
31-08-11,24.799999,25.5,24.280001,24.74,823800,24.74
01-09-11,24.66,24.870001,23.84,24,848100,24
02-09-11,23.66,23.99,22.68,23.07,769900,23.07
06-09-11,22.5,23.200001,22.290001,22.940001,809800,22.940001
07-09-11,23.389999,24,23.280001,23.84,459200,23.84
08-09-11,23.58,24.030001,23.280001,23.610001,505700,23.610001
09-09-11,23.370001,23.57,22.549999,22.969999,669300,22.969999
12-09-11,22.5,23.309999,22.450001,22.879999,566600,22.879999
13-09-11,23.01,24.1,22.75,24.08,726500,24.08
14-09-11,24.25,24.84,23.790001,24.34,830800,24.34
15-09-11,24.58,24.93,24.33,24.82,562600,24.82
16-09-11,24.780001,25.84,24.49,25.799999,1417100,25.799999
19-09-11,24.950001,25.809999,23.82,25.77,1157400,25.77
20-09-11,25.98,26.6,25.67,26.01,1180400,26.01
21-09-11,25.950001,26.950001,25.700001,25.85,987600,25.85
22-09-11,25.639999,26.110001,24.879999,25.629999,775800,25.629999
23-09-11,25.49,26.620001,25.35,26.379999,1156400,26.379999
26-09-11,26.52,26.52,24.9,25.52,934800,25.52
27-09-11,26,26.99,25.57,26.190001,674500,26.190001
28-09-11,26,26.5,24.51,24.59,723300,24.59
29-09-11,25.719999,25.82,23.549999,24.120001,929600,24.120001
30-09-11,24.799999,24.889999,23.49,24.389999,1336100,24.389999
03-10-11,24.950001,25,23.25,23.73,1023200,23.73
04-10-11,23.290001,24.32,22.93,23.66,1200300,23.66
05-10-11,24.030001,25.84,23.35,25.370001,1229500,25.370001
06-10-11,25.370001,27.6,25.02,26.959999,1769100,26.959999
07-10-11,26.98,27.6,26.049999,26.99,1311600,26.99
10-10-11,27.309999,28.18,27,27.879999,923500,27.879999
11-10-11,27.51,27.77,27.09,27.610001,575700,27.610001
12-10-11,27.25,28,27.200001,27.799999,1123400,27.799999
13-10-11,27.629999,28.469999,27.440001,27.940001,1043500,27.940001
14-10-11,28,28.549999,27.26,28.049999,1400500,28.049999
17-10-11,27.860001,28,27.26,27.42,754500,27.42
18-10-11,27.299999,28.43,26.709999,28.34,999700,28.34
19-10-11,28.02,28.059999,27.299999,27.57,792900,27.57
20-10-11,27.440001,27.469999,27,27.34,999700,27.34
21-10-11,27.4,28.299999,27.01,28.030001,1142600,28.030001
24-10-11,27.870001,28.889999,27.75,28.549999,940600,28.549999
25-10-11,28.23,28.860001,27.799999,28.25,654400,28.25
26-10-11,28.190001,28.370001,27.4,27.98,510500,27.98
27-10-11,28.34,28.950001,28.110001,28.76,869400,28.76
28-10-11,28.5,30,28.01,29.870001,1264000,29.870001
31-10-11,29.5,29.51,28.75,29.370001,1134000,29.370001
01-11-11,28.389999,28.92,28,28.879999,635200,28.879999
02-11-11,29,29.26,28.25,28.709999,875300,28.709999
03-11-11,30,32.490002,29.530001,32.459999,2509700,32.459999
04-11-11,31.459999,32.400002,30.51,32.310001,3032900,32.310001
07-11-11,31.639999,32,30.75,31.27,1266300,31.27
08-11-11,31.370001,32,30.719999,31.84,1167900,31.84
09-11-11,30.870001,31.49,30.299999,30.879999,953700,30.879999
10-11-11,30.940001,31.5,30.65,31.33,747300,31.33
11-11-11,31.9,34.5,30.57,33.639999,3868300,33.639999
14-11-11,33,33.540001,32.619999,33.220001,1325700,33.220001
15-11-11,32.919998,34.400002,32.73,33.93,891000,33.93
16-11-11,33.48,35,33.400002,34.939999,1833200,34.939999
17-11-11,34.5,34.900002,33.189999,33.68,1349300,33.68
18-11-11,33.639999,34.110001,32.540001,32.599998,902800,32.599998
21-11-11,32.439999,32.439999,31.049999,31.76,1031600,31.76
22-11-11,31.76,32.790001,31.049999,32.07,732600,32.07
23-11-11,31.76,32.049999,31.25,31.450001,451800,31.450001
25-11-11,31.549999,32.41,31.08,31.66,239600,31.66
28-11-11,32,33.279999,31.809999,32.560001,681200,32.560001
29-11-11,32.490002,33.07,31.629999,31.75,591100,31.75
30-11-11,32.5,32.93,32.220001,32.740002,760300,32.740002
01-12-11,32.57,33.990002,31.98,32.599998,1030200,32.599998
02-12-11,32.830002,33.689999,32.400002,33.299999,802800,33.299999
05-12-11,33.529999,35,33.43,34.419998,1160100,34.419998
06-12-11,34.200001,34.98,34.029999,34.869999,951800,34.869999
07-12-11,34.630001,34.889999,33.799999,34.189999,674300,34.189999
08-12-11,30.84,31.65,29.610001,30.889999,3305800,30.889999
09-12-11,30.540001,31.120001,30.280001,31.040001,1239500,31.040001
12-12-11,30.440001,30.620001,30.02,30.41,758700,30.41
13-12-11,30.57,30.93,28.91,29.450001,994100,29.450001
14-12-11,29.5,29.68,28,28.530001,1163900,28.530001
15-12-11,28.67,29.17,28.120001,28.620001,700300,28.620001
16-12-11,28.790001,28.93,27.98,28,1029700,28
19-12-11,28.09,28.5,27.370001,27.75,987000,27.75
20-12-11,28.049999,28.450001,27.719999,27.9,843300,27.9
21-12-11,27.91,28.07,26.030001,27.57,1705500,27.57
22-12-11,27.6,28.049999,27.299999,27.77,1009400,27.77
23-12-11,28,28,27.52,27.9,591400,27.9
27-12-11,27.66,28.77,27.639999,28.57,777500,28.57
28-12-11,28.99,29.24,28.040001,28.51,575200,28.51
29-12-11,28.59,29.34,28.549999,28.73,488200,28.73
30-12-11,28.49,28.98,28.25,28.559999,339800,28.559999
03-01-12,28.940001,29.5,27.65,28.08,928100,28.08
04-01-12,28.209999,28.67,27.5,27.709999,630100,27.709999
05-01-12,27.76,27.93,26.85,27.120001,1005500,27.120001
06-01-12,27.200001,27.790001,26.41,26.91,986300,26.91
09-01-12,27,27.49,26.120001,27.25,897000,27.25
10-01-12,27.440001,27.76,27.25,27.620001,671800,27.620001
11-01-12,27.620001,28.379999,27.299999,28.23,672300,28.23
12-01-12,28.48,28.620001,27.809999,28.25,729300,28.25
13-01-12,28.4,28.5,22.639999,22.790001,5500400,22.790001
17-01-12,26.620001,27.34,26.41,26.6,4651600,26.6
18-01-12,26.690001,26.879999,26.25,26.809999,1260200,26.809999
19-01-12,27.190001,27.74,26.610001,26.76,1246300,26.76
20-01-12,26.9,27,26.4,26.6,662300,26.6
23-01-12,26.809999,27.209999,26.6,26.77,594600,26.77
24-01-12,26.629999,27.68,26.440001,27.42,858000,27.42
25-01-12,27.27,28.01,27.049999,27.969999,611200,27.969999
26-01-12,28.07,29.58,28,28.940001,1271100,28.940001
27-01-12,28.5,29.719999,28.5,29.33,748400,29.33
30-01-12,29.49,29.610001,28.530001,29.57,729000,29.57
31-01-12,29.9,30,28.870001,29.07,956400,29.07
01-02-12,29.07,29.700001,29,29.58,523200,29.58
02-02-12,29.719999,30.879999,29.610001,30.25,805700,30.25
03-02-12,30.41,31.33,30.25,31.15,764500,31.15
06-02-12,31.1,31.9,31.049999,31.799999,652100,31.799999
07-02-12,31.799999,31.799999,30.82,31.6,1021600,31.6
08-02-12,31.6,32.009998,31.290001,31.93,623700,31.93
09-02-12,32,32.900002,31.43,32.580002,1277100,32.580002
10-02-12,32.259998,32.27,29.84,31.1,1874200,31.1
13-02-12,31.549999,32.060001,30.9,31.49,1157900,31.49
14-02-12,31.74,33.790001,31.4,33.169998,1810800,33.169998
15-02-12,33.099998,34.41,32.27,33.599998,2761800,33.599998
16-02-12,33.5,34.509998,32.540001,34.18,2219700,34.18
17-02-12,33.990002,34.970001,33.5,34.970001,1376700,34.970001
21-02-12,34.869999,34.869999,33.810001,34.5,1135800,34.5
22-02-12,34.5,34.720001,32.5,34.220001,1654600,34.220001
23-02-12,33.990002,34.970001,33.560001,34.529999,820400,34.529999
24-02-12,34.23,34.52,33.27,33.75,959900,33.75
27-02-12,33.41,34,33,33.619999,606000,33.619999
28-02-12,33.639999,34.439999,33.169998,33.810001,612200,33.810001
29-02-12,33.810001,34.119999,33.139999,33.41,535700,33.41
01-03-12,33.509998,34.5,33.310001,34.41,703500,34.41
02-03-12,34.400002,34.5,33.709999,34.040001,550000,34.040001
05-03-12,34.349998,34.400002,33.459999,33.77,467000,33.77
06-03-12,33.25,33.279999,32.619999,33.110001,573800,33.110001
07-03-12,33.119999,33.310001,32.91,33.119999,364900,33.119999
08-03-12,33.110001,33.490002,33.040001,33.07,633300,33.07
09-03-12,33.200001,35.310001,33.200001,34.740002,1553400,34.740002
12-03-12,34.689999,36.290001,34.599998,36.009998,1963300,36.009998
13-03-12,36.509998,36.59,35.5,36.09,1001600,36.09
14-03-12,36,36,34.799999,35.290001,851500,35.290001
15-03-12,35.279999,35.48,34.779999,35,571600,35
16-03-12,34.900002,35.889999,34.830002,35.32,729300,35.32
19-03-12,35.259998,35.32,34.540001,34.98,1015600,34.98
20-03-12,34.98,35.200001,34.57,34.959999,567000,34.959999
21-03-12,34.939999,35.299999,34.599998,35.150002,607200,35.150002
22-03-12,34.970001,35.150002,34.299999,34.400002,522400,34.400002
23-03-12,34.259998,34.630001,33.150002,34.080002,1170600,34.080002
26-03-12,35.59,38.09,35.040001,37.400002,3140500,37.400002
27-03-12,37.16,39.950001,37.029999,37.939999,2539200,37.939999
28-03-12,37.779999,38.439999,37.110001,37.849998,955000,37.849998
29-03-12,38.189999,38.189999,37.029999,37.330002,796400,37.330002
30-03-12,37.52,37.939999,36.68,37.240002,886400,37.240002
02-04-12,37.330002,37.970001,36.529999,36.580002,1028600,36.580002
03-04-12,36.700001,38.470001,36.669998,38.009998,1098100,38.009998
04-04-12,35.27,35.490002,34.689999,35,4481800,35
05-04-12,35.099998,35.439999,34.41,34.48,1509400,34.48
09-04-12,34.099998,34.290001,33.099998,33.150002,1655700,33.150002
10-04-12,33.150002,33.849998,32.099998,32.459999,1847700,32.459999
11-04-12,33.240002,33.290001,32.009998,33.09,1105500,33.09
12-04-12,33.77,34.48,32.919998,33.439999,1033900,33.439999
13-04-12,33.939999,34.040001,32.849998,33.59,649600,33.59
16-04-12,33.41,33.700001,32.09,32.25,1099600,32.25
17-04-12,32.43,33.07,32.040001,32.240002,1115500,32.240002
18-04-12,32.09,32.75,31.530001,32.66,823100,32.66
19-04-12,32.75,33.43,32.5,33.16,774900,33.16
20-04-12,33.139999,33.73,32.939999,33.16,821800,33.16
23-04-12,32.860001,32.970001,31.709999,31.940001,890800,31.940001
24-04-12,31.82,32.200001,31,31.82,674500,31.82
25-04-12,32.07,32.990002,32.07,32.91,712200,32.91
26-04-12,32.959999,33.52,32.91,33.490002,425300,33.490002
27-04-12,33.599998,33.630001,32.91,33.34,591000,33.34
30-04-12,33.27,33.360001,32.580002,33.130001,413900,33.130001
01-05-12,33.130001,34.209999,33.130001,33.779999,659000,33.779999
02-05-12,33.5,34.389999,33.389999,33.939999,497300,33.939999
03-05-12,33.91,34,32.130001,32.459999,841300,32.459999
04-05-12,32.32,32.459999,31.4,31.83,1247500,31.83
07-05-12,31.959999,32.580002,31.610001,32.470001,1158000,32.470001
08-05-12,32.5,32.73,29.370001,30.190001,3097200,30.190001
09-05-12,30.299999,30.77,29.76,30.059999,1947900,30.059999
10-05-12,32.970001,34.68,32.400002,32.959999,5556300,32.959999
11-05-12,32.490002,33.439999,32.16,32.25,1221300,32.25
14-05-12,31.92,32.130001,30.049999,30.059999,1380900,30.059999
15-05-12,30.26,30.959999,29.219999,29.43,1585700,29.43
16-05-12,29.58,30.18,28.879999,29.18,1257100,29.18
17-05-12,29.299999,29.790001,28.24,28.57,1149000,28.57
18-05-12,28.370001,28.459999,26.83,27.559999,1616500,27.559999
21-05-12,27.58,29.26,27.120001,28.77,1475200,28.77
22-05-12,30.1,31.34,30,30.799999,2366200,30.799999
23-05-12,30.559999,31.049999,29.5,31.02,1220400,31.02
24-05-12,31.25,31.25,29.690001,30.280001,1075600,30.280001
25-05-12,30.16,30.41,29.200001,29.809999,757000,29.809999
29-05-12,30.01,31.93,30.01,31.690001,1650000,31.690001
30-05-12,31.08,31.42,30.24,30.41,1307200,30.41
31-05-12,30.07,30.290001,28.75,29.5,1118700,29.5
01-06-12,28.530001,29.16,27.76,28.15,885800,28.15
04-06-12,28.030001,28.41,27.110001,27.879999,1030900,27.879999
05-06-12,27.84,28.389999,27.559999,27.91,630900,27.91
06-06-12,28.200001,29.450001,28.139999,29.219999,909900,29.219999
07-06-12,29.809999,29.870001,28.85,28.93,492100,28.93
08-06-12,28.860001,30.190001,28.15,30.08,881100,30.08
11-06-12,30.309999,31,28.959999,29.120001,636000,29.120001
12-06-12,29.23,29.84,28.809999,29.66,569000,29.66
13-06-12,29.549999,30.639999,29.469999,29.77,844100,29.77
14-06-12,30.18,30.65,28.620001,29.389999,872200,29.389999
15-06-12,29.389999,29.950001,28.809999,29.91,646800,29.91
18-06-12,29.940001,32.330002,29.5,31.84,1256800,31.84
19-06-12,32.02,32.66,31.5,32.09,911100,32.09
20-06-12,33.5,34.5,33.209999,33.779999,3422400,33.779999
21-06-12,34.259998,34.279999,31.84,32.189999,1891900,32.189999
22-06-12,32.599998,33.98,32.459999,33.790001,3046600,33.790001
25-06-12,33.939999,34.119999,32.75,33.110001,1498500,33.110001
26-06-12,32.049999,32.349998,31.389999,31.610001,2613900,31.610001
27-06-12,31.9,32.450001,31.57,31.959999,1047200,31.959999
28-06-12,31.9,32.110001,30.620001,31.41,914100,31.41
29-06-12,32.799999,32.799999,31,31.290001,1125800,31.290001
02-07-12,31.35,31.799999,30.190001,30.4,1315600,30.4
03-07-12,30.6,31,30.4,30.66,947000,30.66
05-07-12,30.809999,31.67,30.799999,31.23,1253800,31.23
06-07-12,30.99,31.73,30.799999,30.99,784500,30.99
09-07-12,30.940001,31.83,30.67,31.49,910500,31.49
10-07-12,31.540001,32.48,30.889999,31.27,758400,31.27
11-07-12,31.57,31.68,31.01,31.51,638600,31.51
12-07-12,31.290001,33.009998,30.799999,32.700001,1125700,32.700001
13-07-12,32.970001,34.400002,32.830002,34.25,1304800,34.25
16-07-12,34.32,36,33.900002,35.959999,1744000,35.959999
17-07-12,35,35.209999,32.380001,33.349998,2569300,33.349998
18-07-12,31.42,33.669998,31.059999,32.150002,2881900,32.150002
19-07-12,32.720001,33.150002,32.040001,32.27,1435900,32.27
20-07-12,32.07,32.25,31.25,31.790001,1568500,31.790001
23-07-12,31.049999,31.299999,30.620001,30.66,1386800,30.66
24-07-12,30.66,31.040001,29.620001,29.84,1500300,29.84
25-07-12,29.92,29.98,28.75,28.950001,2842200,28.950001
26-07-12,29.9,30,27.639999,28.129999,2262300,28.129999
27-07-12,28.709999,29.66,28.1,29.51,1673000,29.51
30-07-12,29.51,30.25,27.209999,27.35,2065200,27.35
31-07-12,27.540001,27.969999,27.35,27.42,1575100,27.42
01-08-12,27.99,27.99,26.030001,26.25,1592300,26.25
02-08-12,26.84,26.85,25.52,26.1,1305100,26.1
03-08-12,26.9,27.549999,26.74,27.27,1209500,27.27
06-08-12,27.549999,28.700001,27.549999,28.27,1528200,28.27
07-08-12,28.77,30.9,28.5,30.25,2387200,30.25
08-08-12,29.9,30,28.59,29.09,1308900,29.09
09-08-12,29.52,30,29.129999,29.41,672600,29.41
10-08-12,29.309999,29.940001,29.309999,29.940001,707400,29.940001
13-08-12,29.690001,31.299999,29.1,31.17,870100,31.17
14-08-12,30.75,31.17,29.26,29.42,793400,29.42
15-08-12,29.389999,29.700001,28.809999,29.4,525400,29.4
16-08-12,29.530001,30.389999,29.5,30.299999,669000,30.299999
17-08-12,30.290001,30.709999,29.98,30.01,508200,30.01
20-08-12,30.15,30.389999,29.1,29.51,1179100,29.51
21-08-12,29.58,30,29,29.110001,761600,29.110001
22-08-12,29.01,30.040001,29.01,29.950001,775500,29.950001
23-08-12,30,30.85,29.65,30.73,1471000,30.73
24-08-12,30.059999,30.24,29.41,29.5,1429400,29.5
27-08-12,29.57,29.700001,28.17,28.32,1350400,28.32
28-08-12,28.4,29.379999,28,28.690001,1402700,28.690001
29-08-12,28.49,28.639999,28.02,28.41,838900,28.41
30-08-12,28.6,28.74,28.1,28.41,656400,28.41
31-08-12,28.610001,28.84,28.200001,28.52,539800,28.52
04-09-12,28.52,28.99,27.9,28.139999,752500,28.139999
05-09-12,28.01,28.5,27.809999,27.940001,639300,27.940001
06-09-12,28,28.9,27.9,28.549999,841700,28.549999
07-09-12,28.549999,29.57,28.5,29.35,953200,29.35
10-09-12,29.200001,29.35,27.299999,27.370001,1483300,27.370001
11-09-12,27.76,28.16,27.4,27.799999,1014900,27.799999
12-09-12,27.9,28.58,27.799999,28.280001,1145200,28.280001
13-09-12,28.57,29.5,28.48,29.48,1484700,29.48
14-09-12,30,30.65,29.65,30.389999,1536600,30.389999
17-09-12,32.349998,32.779999,31.51,32.540001,3212800,32.540001
18-09-12,31.879999,31.9,30.68,31.34,1788500,31.34
19-09-12,31,31.74,30.940001,31.049999,1048500,31.049999
20-09-12,30.93,31.5,30.68,30.9,912400,30.9
21-09-12,31.1,31.49,29.540001,30.02,1870000,30.02
24-09-12,29.51,31.030001,29.4,30.66,1301900,30.66
25-09-12,28.620001,29.48,27.530001,27.66,5680400,27.66
26-09-12,27.66,28.4,27.48,27.540001,1527200,27.540001
27-09-12,27.82,28.540001,27.6,28.49,1758600,28.49
28-09-12,28.73,29.889999,28.610001,29.280001,4343400,29.280001
01-10-12,29.5,29.889999,29,29.16,884400,29.16
02-10-12,29.280001,29.889999,29,29.799999,729000,29.799999
03-10-12,29.75,29.950001,29.24,29.299999,1052800,29.299999
04-10-12,30,30.1,28.65,29.4,1541300,29.4
05-10-12,29.700001,29.809999,28.68,28.889999,938600,28.889999
08-10-12,28.860001,29.4,28.610001,29.25,889700,29.25
09-10-12,29.120001,29.120001,28.25,28.370001,1193000,28.370001
10-10-12,28.389999,28.719999,28.01,28.4,503600,28.4
11-10-12,28.940001,28.98,28.25,28.32,450600,28.32
12-10-12,28.32,28.73,27.5,27.639999,987600,27.639999
15-10-12,28.02,28.049999,26.860001,27.33,1468700,27.33
16-10-12,27.67,28.09,27.34,28.059999,479300,28.059999
17-10-12,28.25,28.84,27.799999,28.82,668000,28.82
18-10-12,28.99,28.99,27.780001,28.040001,741000,28.040001
19-10-12,27.83,28.200001,27.299999,27.74,1027400,27.74
22-10-12,27.99,28,27.360001,27.85,470200,27.85
23-10-12,27.379999,28.559999,27.370001,28.389999,749000,28.389999
24-10-12,28.52,28.52,27.25,27.42,1016400,27.42
25-10-12,27.799999,27.799999,27.450001,27.52,577700,27.52
26-10-12,27.530001,27.799999,27.02,27.379999,477400,27.379999
31-10-12,27.700001,28.35,27.370001,28.129999,775200,28.129999
01-11-12,28.25,29.49,28.200001,29.25,1024100,29.25
02-11-12,29.27,29.549999,28.549999,28.92,1030300,28.92
05-11-12,29.799999,31.58,29.33,31.5,2048900,31.5
06-11-12,30.610001,31.200001,29.950001,31.15,2324000,31.15
07-11-12,31,32.049999,30.809999,31.540001,1714500,31.540001
08-11-12,31.01,31.879999,30.940001,31.309999,1274000,31.309999
09-11-12,30.6,30.93,29.85,30.32,863000,30.32
12-11-12,30.290001,31.42,30.16,31.07,555900,31.07
13-11-12,31.290001,32,30.719999,31.610001,998300,31.610001
14-11-12,31.959999,32.119999,31.200001,31.379999,871300,31.379999
15-11-12,31.299999,31.440001,30.5,30.82,984000,30.82
16-11-12,31.15,32,30.59,31.84,908700,31.84
19-11-12,32.07,33.25,31.84,32.919998,1392400,32.919998
20-11-12,32.799999,33.099998,31.91,33,922500,33
21-11-12,32.610001,33.470001,32.290001,32.470001,963200,32.470001
23-11-12,32.599998,32.830002,31.700001,32.130001,430300,32.130001
26-11-12,32.099998,32.299999,31.620001,32.27,495800,32.27
27-11-12,32.130001,32.66,31.52,32.150002,910800,32.150002
28-11-12,32,34.290001,31.91,33.23,1525200,33.23
29-11-12,33.439999,34,32.869999,33.689999,1103400,33.689999
30-11-12,33.630001,34.279999,33.009998,33.82,1420300,33.82
03-12-12,33.889999,35,33.5,34.619999,2085700,34.619999
04-12-12,34.080002,34.799999,33.549999,33.900002,1263300,33.900002
05-12-12,33.82,34.189999,33.580002,33.709999,661500,33.709999
06-12-12,33.82,34.799999,33.5,33.900002,660400,33.900002
07-12-12,34.299999,34.490002,33.849998,34.169998,664400,34.169998
10-12-12,34.43,34.799999,34.18,34.57,929800,34.57
11-12-12,34.599998,35.5,34.459999,35.279999,1572600,35.279999
12-12-12,35.209999,35.799999,34.950001,35.259998,2063800,35.259998
13-12-12,35.259998,35.299999,32.75,33.610001,2151300,33.610001
14-12-12,33.779999,34.400002,33.59,33.810001,1023000,33.810001
17-12-12,33.77,34.5,33.75,34.400002,824900,34.400002
18-12-12,34.259998,35.07,34.259998,34.59,1553900,34.59
19-12-12,34.75,35.259998,34.52,34.610001,1298800,34.610001
20-12-12,34.509998,34.790001,34.049999,34.43,921200,34.43
21-12-12,33.939999,34.169998,33.580002,34,1492400,34
24-12-12,33.639999,34.349998,33.549999,34.279999,375800,34.279999
26-12-12,33.959999,34.5,33.5,33.59,601400,33.59
27-12-12,33.5,33.91,33,33.689999,561100,33.689999
28-12-12,33.380001,33.650002,33.02,33.220001,414100,33.220001
31-12-12,33,33.970001,33,33.869999,594900,33.869999
02-01-13,35,35.450001,34.709999,35.360001,1194800,35.360001
03-01-13,35.18,35.450001,34.75,34.77,742000,34.77
04-01-13,34.799999,34.799999,33.919998,34.400002,674000,34.400002
07-01-13,34.799999,34.799999,33.900002,34.34,442000,34.34
08-01-13,34.5,34.5,33.110001,33.68,1284000,33.68
09-01-13,34.009998,34.189999,33.400002,33.639999,698000,33.639999
10-01-13,33.869999,33.990002,33.380001,33.529999,922500,33.529999
11-01-13,34.040001,34.040001,32.110001,32.91,1563200,32.91
14-01-13,33.080002,33.380001,32.849998,33.259998,925100,33.259998
15-01-13,33.110001,34.25,33.080002,33.900002,1624200,33.900002
16-01-13,33.849998,34.23,33.73,34.099998,1378200,34.099998
17-01-13,34.16,34.849998,33.919998,34.380001,1436700,34.380001
18-01-13,34.740002,34.779999,33.82,34.52,3555100,34.52
22-01-13,34.560001,35.549999,34.259998,35.189999,1920200,35.189999
23-01-13,35.02,36.240002,34.959999,36,1564300,36
24-01-13,36,37.720001,35.84,36.990002,1970400,36.990002
25-01-13,37,37.540001,36.799999,36.98,1287800,36.98
28-01-13,36.860001,38.709999,36.860001,38.029999,1986000,38.029999
29-01-13,38.099998,38.439999,37.130001,37.950001,1426600,37.950001
30-01-13,37.849998,38,37.43,37.52,968100,37.52
31-01-13,37.869999,37.869999,36.93,37.509998,901400,37.509998
01-02-13,38.169998,38.5,37.619999,38.299999,1100600,38.299999
04-02-13,38.400002,38.419998,37.59,37.740002,1128000,37.740002
05-02-13,38,38.650002,37.68,38.130001,1310200,38.130001
06-02-13,38.18,39.389999,37.900002,39.169998,1893200,39.169998
07-02-13,39.189999,39.68,38.950001,39.48,1196600,39.48
08-02-13,39.450001,40,39.139999,39.240002,1139800,39.240002
11-02-13,37.98,39.150002,37.5,38.419998,3266300,38.419998
12-02-13,38.450001,38.869999,37.290001,37.889999,2261300,37.889999
13-02-13,38.299999,39,38.049999,38.450001,966800,38.450001
14-02-13,38.639999,38.75,38.209999,38.27,990700,38.27
15-02-13,38.5,38.509998,36.950001,37.040001,2017600,37.040001
19-02-13,37.360001,39.290001,37.310001,39.279999,2701400,39.279999
20-02-13,39.299999,39.650002,38.459999,38.540001,3122000,38.540001
21-02-13,36.490002,37.389999,34.540001,35.16,9037800,35.16
22-02-13,35.720001,36.389999,35.599998,36.110001,2547300,36.110001
25-02-13,36.150002,36.75,34.34,34.380001,2889400,34.380001
26-02-13,34.459999,34.959999,33.799999,34.43,2762900,34.43
27-02-13,34.41,35.41,34.400002,35.099998,1959200,35.099998
28-02-13,35.889999,36.099998,34.369999,34.830002,1964900,34.830002
01-03-13,35,35.080002,34.25,34.650002,1546600,34.650002
04-03-13,34.77,35.830002,34.700001,35.580002,1757700,35.580002
05-03-13,36,36.919998,35.790001,36.650002,2087000,36.650002
06-03-13,37.009998,37.880001,36.970001,37.689999,1150000,37.689999
07-03-13,37.73,38.650002,36.880001,38.23,1158300,38.23
08-03-13,38.060001,39.439999,37.360001,38.470001,912100,38.470001
11-03-13,38.869999,39.439999,38.650002,39.099998,1579500,39.099998
12-03-13,38.900002,39.380001,38.849998,39.119999,1275100,39.119999
13-03-13,39,39.490002,38.810001,38.98,822000,38.98
14-03-13,38.900002,38.91,36.77,36.849998,2021000,36.849998
15-03-13,36.639999,36.650002,35.209999,35.290001,3279600,35.290001
18-03-13,35.299999,36.060001,34.919998,35.150002,1316100,35.150002
19-03-13,35.25,35.599998,34.939999,35.080002,1098500,35.080002
20-03-13,35.259998,36.07,35.16,35.950001,1423000,35.950001
21-03-13,35.950001,37.060001,35.740002,36.009998,1146300,36.009998
22-03-13,36.200001,36.799999,36.200001,36.619999,440200,36.619999
25-03-13,37.099998,38.52,36.77,37.529999,2378800,37.529999
26-03-13,37.98,38.220001,37.66,37.860001,1808200,37.860001
27-03-13,37.939999,38.380001,37.310001,38.16,1296300,38.16
28-03-13,38.23,38.240002,37.75,37.889999,1158700,37.889999
01-04-13,42.360001,46.68,41.700001,43.93,14098500,43.93
02-04-13,43.599998,45.5,43.509998,44.34,6652400,44.34
03-04-13,43.099998,43.470001,40.209999,41.099998,5643600,41.099998
04-04-13,41.110001,42.25,40.810001,42.009998,2264800,42.009998
05-04-13,42,42,40.5,41.369999,1552400,41.369999
08-04-13,41.970001,42.549999,41.509998,41.830002,1679000,41.830002
09-04-13,41.799999,41.830002,40.330002,40.5,1696100,40.5
10-04-13,40.700001,42.009998,40.610001,41.860001,2121100,41.860001
11-04-13,42.060001,44.549999,41.75,43.59,3447400,43.59
12-04-13,43.25,45.139999,43.049999,43.75,3149400,43.75
15-04-13,43.5,43.799999,42.509998,43.299999,1681400,43.299999
16-04-13,44.189999,46.139999,43.91,45.59,3180400,45.59
17-04-13,45.5,45.950001,44.540001,45.450001,2118500,45.450001
18-04-13,45.98,47.599998,45.389999,46.970001,3367900,46.970001
19-04-13,47.459999,49.880001,47.07,47.830002,3011700,47.830002
22-04-13,48.599998,50.200001,47.75,50.189999,3939400,50.189999
23-04-13,51,52.919998,50.66,51.009998,3733800,51.009998
24-04-13,50.900002,51.049999,48.98,50.43,2630000,50.43
25-04-13,50.5,52.400002,50.5,52,2795900,52
26-04-13,53.130001,53.740002,50.619999,51.200001,3622100,51.200001
29-04-13,51.759998,54.990002,51.200001,54.939999,3639700,54.939999
30-04-13,56,58.18,53.759998,53.990002,5522600,53.990002
01-05-13,55.990002,55.990002,53,53.279999,2742800,53.279999
02-05-13,53.849998,55.27,53.700001,54.110001,3050400,54.110001
03-05-13,56.470001,56.470001,54.5,54.549999,3378700,54.549999
06-05-13,56.389999,59.66,55.5,59.5,4366700,59.5
07-05-13,62,62.369999,55.119999,55.509998,9991000,55.509998
08-05-13,57.5,58.200001,55.709999,55.790001,6769900,55.790001
09-05-13,70.120003,75.769997,63.689999,69.400002,28605000,69.400002
10-05-13,69.650002,81,69.25,76.760002,25082600,76.760002
13-05-13,80.989998,88,79.150002,87.800003,22416900,87.800003
14-05-13,94.220001,97.120003,81.150002,83.239998,37163900,83.239998
15-05-13,81.800003,86.879997,78.110001,84.839996,16878700,84.839996
16-05-13,94.699997,95,88.660004,92.25,21614000,92.25
17-05-13,92.5,94.440002,87.5,91.5,19002200,91.5
20-05-13,91.120003,92.5,88.629997,89.940002,8348400,89.940002
21-05-13,88.5,89.989998,85.279999,87.589996,8998200,87.589996
22-05-13,86.370003,90.959999,85.5,87.239998,8568000,87.239998
23-05-13,84.809998,93.010002,83.050003,92.730003,12022200,92.730003
24-05-13,92.599998,97.949997,92,97.080002,16124200,97.080002
28-05-13,101.550003,110.75,100.300003,110.330002,19691900,110.330002
29-05-13,113.550003,114.900002,99,104.629997,25099500,104.629997
30-05-13,102.459999,109.540001,101.199997,104.949997,16133700,104.949997
31-05-13,106.260002,106.440002,97.730003,97.760002,15172000,97.760002
03-06-13,97.620003,97.620003,88.25,92.589996,19139600,92.589996
04-06-13,92.75,96.419998,92.400002,94.839996,8856100,94.839996
05-06-13,93.660004,97.970001,89.110001,95.370003,12224800,95.370003
06-06-13,95.25,99.269997,95.110001,97.349998,9510900,97.349998
07-06-13,98,102.900002,96.699997,102.040001,10711600,102.040001
10-06-13,98.93,102.519997,98.57,100.050003,9228600,100.050003
11-06-13,98.18,98.68,94.050003,94.470001,7394000,94.470001
12-06-13,96.800003,100.480003,95.75,97.730003,9192700,97.730003
13-06-13,99,99.279999,95.120003,98.18,5961600,98.18
14-06-13,100,102.519997,99.330002,100.300003,6564700,100.300003
17-06-13,103.599998,104.75,101.199997,102.199997,7066200,102.199997
18-06-13,101.75,103.980003,99.199997,103.389999,8795300,103.389999
19-06-13,102.059998,106.669998,102.010002,104.68,8578900,104.68
20-06-13,104.650002,107.129997,99.449997,100.650002,10106500,100.650002
21-06-13,103.699997,103.699997,97.5,99.550003,11718600,99.550003
24-06-13,96.5,102.870003,95.300003,101.489998,7119800,101.489998
25-06-13,103.099998,104.199997,100.550003,102.400002,5848700,102.400002
26-06-13,103.800003,105.870003,102.660004,105.720001,6602600,105.720001
27-06-13,106.75,110.25,106.129997,109.25,8744900,109.25
28-06-13,108.57,109.440002,106.709999,107.360001,5748600,107.360001
01-07-13,109.360001,117.769997,109.150002,117.18,10903600,117.18
02-07-13,118.25,121.889999,115.5,117.82,12064100,117.82
03-07-13,118,119.25,114.269997,115.239998,4806700,115.239998
05-07-13,118.32,120.279999,115.699997,120.089996,6818700,120.089996
08-07-13,121.370003,122.18,118.82,121.610001,7814200,121.610001
09-07-13,124.639999,125.32,121.910004,123.449997,8603300,123.449997
10-07-13,123.190002,123.25,120.790001,122.269997,5600100,122.269997
11-07-13,124.879997,126.089996,122.349998,125.610001,7483600,125.610001
12-07-13,125.5,129.940002,124.510002,129.899994,11344000,129.899994
15-07-13,133.029999,133.259995,126.82,127.260002,9922400,127.260002
16-07-13,126.279999,126.32,107.300003,109.050003,32371900,109.050003
17-07-13,106.519997,121.620003,104.5,120.25,26029000,120.25
18-07-13,120.970001,122.730003,116.18,119.029999,11398100,119.029999
19-07-13,118.5,120.550003,116.510002,119.68,5890300,119.68
22-07-13,119.889999,126.68,119.879997,122.43,9797800,122.43
23-07-13,124,125.559998,121.82,122.739998,7736400,122.739998
24-07-13,124.470001,124.5,119.559998,121.699997,6869000,121.699997
25-07-13,120.400002,124.75,120.190002,124.07,5284300,124.07
26-07-13,128.139999,130.679993,126.610001,129.389999,9633100,129.389999
29-07-13,129.320007,135.369995,128.25,134.619995,9678900,134.619995
30-07-13,134.800003,137.490005,128.179993,131.740005,13127000,131.740005
31-07-13,132.570007,134.970001,131.449997,134.279999,6351700,134.279999
01-08-13,135,136.520004,132.630005,135.550003,5323600,135.550003
02-08-13,134.589996,138.25,133.610001,138,6269900,138
05-08-13,140.009995,144.889999,139.649994,144.679993,10200700,144.679993
06-08-13,144.75,145.729996,141.100006,142.149994,9254500,142.149994
07-08-13,141.889999,141.949997,132.360001,134.229996,18212200,134.229996
08-08-13,154.350006,158.880005,150.460007,153.479996,27246800,153.479996
09-08-13,152.399994,155.949997,151.25,153,8927700,153
12-08-13,149.429993,150.5,142.050003,147.380005,14912200,147.380005
13-08-13,149.5,149.839996,144.449997,145.429993,8748900,145.429993
14-08-13,142.720001,144.839996,138.050003,139.360001,11693800,139.360001
15-08-13,136.429993,143.600006,135,139.669998,10179200,139.669998
16-08-13,141.630005,143.910004,140.970001,142,7108100,142
19-08-13,143.429993,147.380005,142.830002,144.899994,8037700,144.899994
20-08-13,148.649994,149.779999,147,149.580002,6418200,149.580002
21-08-13,150,150.309998,146.25,147.860001,6266300,147.860001
22-08-13,149.220001,157.479996,148.139999,157.100006,10592400,157.100006
23-08-13,157,162.300003,155,161.839996,12931900,161.839996
26-08-13,165.149994,173,160.25,164.220001,24171100,164.220001
27-08-13,162.300003,168.800003,160.949997,167.009995,17566900,167.009995
28-08-13,169.059998,171.5,163.25,166.449997,14740100,166.449997
29-08-13,164.220001,167.75,162.509995,166.059998,9436000,166.059998
30-08-13,166.369995,169.210007,163.960007,169,11028400,169
03-09-13,173.399994,173.699997,166.399994,168.940002,12061100,168.940002
04-09-13,169.770004,171.619995,165.559998,170.619995,11475700,170.619995
05-09-13,170.100006,171.5,168.25,169.929993,6685300,169.929993
06-09-13,168.570007,169.699997,165.149994,166.970001,8619700,166.970001
09-09-13,163.119995,164.5,158.509995,160.699997,14344500,160.699997
10-09-13,161.449997,167.5,160.630005,166.369995,8967800,166.369995
11-09-13,166.410004,167.899994,162.130005,163.520004,5832500,163.520004
12-09-13,164,166.759995,160.509995,164.929993,6160000,164.929993
13-09-13,162.770004,166.369995,162.160004,165.539993,5401200,165.539993
16-09-13,168,170.850006,165.850006,166.580002,7574900,166.580002
17-09-13,165.080002,168.419998,163.360001,166.229996,5496900,166.229996
18-09-13,167.070007,167.449997,164.199997,166.220001,5439700,166.220001
19-09-13,170.800003,180.470001,169.080002,177.919998,15594600,177.919998
20-09-13,178.899994,185.830002,178.559998,183.389999,13401700,183.389999
23-09-13,184.479996,185.479996,177.110001,181.110001,8173400,181.110001
24-09-13,179.139999,184.960007,177.649994,182.330002,6273400,182.330002
25-09-13,183.559998,186.300003,180.5,185.240005,8252700,185.240005
26-09-13,186.699997,189.679993,185.610001,188.639999,6614400,188.639999
27-09-13,187.520004,191.279999,186.429993,190.899994,5916400,190.899994
30-09-13,189,194.5,188,193.369995,8924700,193.369995
01-10-13,193.960007,194.229996,188.369995,193,7755900,193
02-10-13,188.589996,191.830002,175.399994,180.949997,20775400,180.949997
03-10-13,175.050003,179.690002,168,173.309998,23816500,173.309998
04-10-13,176.399994,181.179993,172.649994,180.979996,14414000,180.979996
07-10-13,182.460007,186.729996,180.259995,183.070007,11485600,183.070007
08-10-13,184.399994,185.929993,173.210007,174.729996,13757200,174.729996
09-10-13,174.729996,174.990005,161.5,168.779999,15316500,168.779999
10-10-13,173.089996,175.75,169.690002,172.929993,8883900,172.929993
11-10-13,172.75,179.289993,171.199997,178.699997,8311100,178.699997
14-10-13,175,182.5,174.149994,179.720001,7769600,179.720001
15-10-13,185.279999,188.789993,183.179993,183.940002,10978500,183.940002
16-10-13,184.899994,187.300003,182.089996,183.559998,8205400,183.559998
17-10-13,183.539993,184.800003,180.990005,182.800003,6705000,182.800003
18-10-13,184.149994,185.960007,182.520004,183.399994,5930800,183.399994
21-10-13,183.279999,183.389999,171,172.600006,11532100,172.600006
22-10-13,170.5,177.779999,166.110001,171.539993,11386700,171.539993
23-10-13,168.910004,171.809998,160.149994,164.5,13320400,164.5
24-10-13,165,174.5,162.830002,173.149994,10825700,173.149994
25-10-13,174.210007,174.5,166.800003,169.660004,7595500,169.660004
28-10-13,170.179993,170.5,162.199997,162.860001,7841700,162.860001
29-10-13,162.759995,165.449997,153,164.470001,14111700,164.470001
30-10-13,164.630005,167.679993,158.169998,159.220001,8401800,159.220001
31-10-13,155.669998,162.440002,153.300003,159.940002,9333800,159.940002
01-11-13,163,165.899994,160.410004,162.169998,7180600,162.169998
04-11-13,165,175.389999,164.220001,175.199997,13120400,175.199997
05-11-13,180,181.429993,171.360001,176.809998,22467100,176.809998
06-11-13,154.809998,160.729996,146.350006,151.160004,31071700,151.160004
07-11-13,144.190002,145.649994,137.619995,139.770004,22284700,139.770004
08-11-13,136.479996,140.600006,132.320007,137.949997,22477900,137.949997
11-11-13,141,145.419998,137.100006,144.699997,13997600,144.699997
12-11-13,144.690002,144.699997,136.179993,137.800003,14985200,137.800003
13-11-13,140.839996,142.369995,136.339996,138.699997,12658300,138.699997
14-11-13,138.919998,140.399994,134.110001,137.600006,12203700,137.600006
15-11-13,136.850006,137.949997,134.350006,135.449997,9900200,135.449997
18-11-13,135.270004,135.449997,119.610001,121.580002,23138200,121.580002
19-11-13,119.43,129,119.220001,126.089996,19816200,126.089996
20-11-13,126.080002,127.449997,119.059998,121.110001,13849600,121.110001
21-11-13,122.889999,124.790001,120.25,122.099998,11903800,122.099998
22-11-13,121.580002,122.75,117.93,121.379997,11096700,121.379997
25-11-13,124.5,125.839996,120.300003,120.839996,10267300,120.839996
26-11-13,119.379997,122.720001,116.099998,120.5,13885500,120.5
27-11-13,121.309998,126.949997,119.519997,126.940002,12367600,126.940002
29-11-13,129.770004,130.589996,126.980003,127.279999,9716200,127.279999
02-12-13,126.349998,128.550003,123.93,124.169998,7751200,124.169998
03-12-13,132.679993,144.940002,131.589996,144.699997,25682400,144.699997
04-12-13,144.320007,144.429993,137.130005,138.949997,13147700,138.949997
05-12-13,140.149994,143.350006,139.5,140.479996,9288400,140.479996
06-12-13,141.509995,142.490005,136.300003,137.360001,7909600,137.360001
09-12-13,137,141.699997,134.210007,141.600006,9061500,141.600006
10-12-13,140.050003,145.869995,139.860001,142.190002,10748200,142.190002
11-12-13,141.880005,143.050003,139.490005,139.649994,7137800,139.649994
12-12-13,139.699997,148.240005,138.529999,147.470001,10767800,147.470001
13-12-13,148.050003,151.800003,147.320007,147.649994,10591900,147.649994
16-12-13,148.479996,150.429993,146.100006,147.940002,6675300,147.940002
17-12-13,147.580002,154.630005,146.320007,152.460007,10495000,152.460007
18-12-13,152.240005,154.899994,145.949997,147.979996,11581900,147.979996
19-12-13,146.899994,147,139.100006,140.720001,12740000,140.720001
20-12-13,141.580002,144.350006,141.580002,143.240005,7412600,143.240005
23-12-13,144.850006,146.240005,142.600006,143.550003,5385500,143.550003
24-12-13,150,154.970001,149.820007,151.410004,9941500,151.410004
26-12-13,155.039993,158,154.289993,155.5,7129500,155.5
27-12-13,155.300003,155.5,150.800003,151.119995,5460200,151.119995
